Type,Meal,Name,Note,Quantity,QuanMeasure,Method,Heat,Time,TimeMeasure,
Recipe,Pizza,Pizza,null,N/A,N/A,N/A,N/A,N/A,N/A,
Ingredient,Pizza,Cheese,Grated,15.0,g,Oven,50.0,8.0,Minute(s)
,
Ingredient,Pizza,Tomato Sauce,Spread on base and then oven
cooked for 8 minutes at 180 degrees c.,100.0,g,Oven,50.0,0.0,Second(s),
Recipe,Pasta,Pasta,null,N/A,N/A,N/A,N/A,N/A,N/A,
Ingredient,Pasta,Pasta,Boil for 12 minutes.,30.0,null,Boil,20.0,12.0,Minute(s),
Recipe,Curry,Curry,null,N/A,N/A,N/A,N/A,N/A,N/A,
Ingredient,Curry,Chicken,panfryed for 15 minutes at a low heat.,3.0,null,Panfry,28.0,15.0,Minute(s),
Ingredient,Curry,Rice,Boil for 20 minutes.,20.0,null,Boil,28.0,0.0,Minute(s),
Ingredient,Curry,Onions,chop up and fry with chicken for 5 
minutes.,15.0,null,Panfry,28.0,5.0,Minute(s),
