Type,Meal,Name,Note,Quantity,QuanMeasure,Method,Heat,Time,TimeMeasure,
Recipe,Pizza,Pizza,null,N/A,N/A,N/A,N/A,N/A,N/A,
Ingredient,Pizza,Cheese,Grated,200.0,g,N/A,0.0,0.0,s,
Seasoning,Pizza&Cheese,Oregano,null,0.0,N/A,N/A,N/A,N/A,N/A,
Ingredient,Pizza,Tomato Sauce,Spread on base,100.0,g,N/A,0.0,0.0,s,
Recipe,Curry,Curry,null,N/A,N/A,N/A,N/A,N/A,N/A,
Ingredient,Curry,Chicken,N/A,0.0,null,null,0.0,0.0,null,
Seasoning,null,Cumin,null,0.0,N/A,N/A,N/A,N/A,N/A,
Ingredient,Curry,Rice,N/A,0.0,null,null,0.0,0.0,null,
Ingredient,Curry,Onions,N/A,0.0,null,null,0.0,0.0,null,
Recipe,Pasta,Pasta,null,N/A,N/A,N/A,N/A,N/A,N/A,
Ingredient,Pasta,Pasta,N/A,0.0,null,null,0.0,0.0,null,
Ingredient,Pasta,Cheese Sauce,N/A,0.0,null,null,0.0,0.0,null,
Seasoning,null,Black Pepper,null,0.0,N/A,N/A,N/A,N/A,N/A,
